dll_name,registration_call_address,interface_uuid,interface_address,flags,security_callback,has_security_descriptor,global_caching_enabled
ACPBackgroundManagerPolicy.dll,0x180003bf0,unknown,0,unknown,unknown,False,unknown
adhsvc.dll,0x1800032c3,c49a5a70-8a7f-4e70-ba16-1e8f1f193ef1,0x1800100c0,0x29,0x1800040f0,False,True
AggregatorHost.exe,0x140020318,7df1ceae-de4e-4e6f-ab14-49636e7c2052,0x140027830,0x29,0x0,False,True
appidsvc.dll,0x18000abf5,8a7b5006-cc13-11db-9705-005056c00008,0x18000f360,unknown,0x18000acb0,False,unknown
appinfo.dll,0x180006641,0497b57d-2e66-424f-a0c6-157cd5d41700,0x1800253a0,unknown,0,False,unknown
appinfo.dll,0x180007209,201ef99a-7fa0-444c-9399-19ba84f12a1a,0x180025120,unknown,0,False,unknown
appinfo.dll,0x180007246,5f54ce7d-5b79-4175-8584-cb65313a0e98,0x1800250c0,unknown,0x1800227a0,False,unknown
appinfo.dll,0x180007283,fd7a0523-dc70-43dd-9b2e-9c5ed48225b1,0x180025060,unknown,0x1800227c0,False,unknown
appinfo.dll,0x1800072c0,58e604e8-9adb-4d2e-a464-3b0683fb1480,0x180025000,unknown,0x180022780,False,unknown
AppVEntSubsystemController.dll,0x18002b1a0,unknown,0x3d2500000000,0x8,0x18002acf0,False,True
AppVShNotify.exe,0x14000bd1c,unknown,0x3d2500000000,0x8,0x14000b8a0,False,True
AppXDeploymentServer.dll,0x1800827a1,ae2dc901-312d-41df-8b79-e835e63db874,0x1802f3bd0,0x11,0x0,True,True
AppXDeploymentServer.dll,0x180082831,ff9fd3c4-742e-45e0-91dd-2f5bc632a1df,0x1802f4c60,0x1803ca048,0x0,False,False
AppXDeploymentServer.dll,0x1800827c6,ae2dc901-312d-41df-8b79-e835e63db874,0x1802f3bd0,0x1803ca048,unknown,False,False
audiodg.exe,0x14001a392,1f53838b-693a-4bbb-99c9-b154f749b8a3,0x14007cbe0,unknown,0x14001ea40,False,unknown
audiosrv.dll,0x180050840,98b2c141-eca2-4919-98b4-a1980d00d234,0x1801524c0,0x21,0x18000c370,False,True
audiosrv.dll,0x180050bfd,unknown,r8,0x21,0x18000c370,True,True
bisrv.dll,0x18003b558,unknown,0,unknown,unknown,False,unknown
BrokerLib.dll,0x1800108df,d09bdeb5-6171-4a34-bfe2-06fa82652568,0x180028580,0x21,unknown,False,True
bthserv.dll,0x18000707b,2acb9d68-b434-4b3e-b966-e06b4b3a84cb,0x180030a90,0x1,unknown,False,True
ByteCodeGenerator.exe,0x14000321c,43d210c2-4dfb-44d0-ab40-31aab2e980f3,0x140010630,unknown,0x0,False,unknown
certprop.dll,0x180003911,30b044a5-a225-43f0-b3a4-e060df91f9c1,0x180025000,unknown,0x1800244a0,False,unknown
combase.dll,0x1800a96b2,unknown,unknown,0x18031f8b8,0x1800a0a30,True,False
combase.dll,0x1800e19a9,unknown,unknown,0x8,unknown,True,True
cryptcatsvc.dll,0x180004aca,f50aac00-c7f3-428e-a022-a6b71bfb9d43,0x180017090,0x21,0x180001950,False,True
cryptsvc.dll,0x180008c71,0d72a7d4-6148-11d1-b4aa-00c04fb66ea0,0x180013000,0x21,0x180008320,False,True
crypttpmeksvc.dll,0x18000119b,2579ff35-0ab0-4e5a-88fa-1d88c4e0cb92,0x18000b000,0x21,0x180003840,False,True
dab.dll,0x180008ce9,7419cf08-91a7-4afd-8f5e-1dd76de094fd,0x180013000,0x21,0x1800092c0,False,True
dasHost.exe,0x140001456,eeee008d-5c99-4e4b-861b-547a26e8abd0,0x1400129b0,0x29,0x140016558,False,True
DeviceSetupManager.dll,0x180003fef,420bca2f-a0e8-45f4-a8ff-906745e8876c,0x18002e030,0x1,unknown,False,True
DeviceSetupManager.dll,0x18000402f,f19c345c-5e00-4cb4-b1d1-eff9ea31b166,0x18002e090,0x11,0x180028f80,False,True
DeviceSetupManager.dll,0x180004066,3d27921d-9a28-483f-a749-a48fde7d0c5f,0x18002e0f0,0x1,0x180028f80,False,True
dfssvc.exe,0x140002e9a,4fc742e0-4a10-11cf-8273-00aa004ae673,0x14005ae00,0,,False,True
dhcpcore.dll,0x180014418,3c4728c5-f0ab-448b-bda1-6ce01eb0a6d5,0x180042000,0x9,0x180002e80,False,True
dhcpcore6.dll,0x180005bc8,3c4728c5-f0ab-448b-bda1-6ce01eb0a6d6,0x18002f000,0x9,0x180001960,False,True
diagtrack.dll,0x180244aa9,unknown,r8,0x29,unknown,False,True
DispBroker.Desktop.dll,0x1800349bb,509bc7ae-77be-4ee8-b07c-0d096bb44345,0x180049d20,0x29,0x0,False,True
DmApiSetExtImplDesktop.dll,0x180006a71,b50bf410-9fc9-4a20-ab6d-9c7453fe8f94,0x18000c3e0,unknown,0,True,unknown
dnsrslvr.dll,0x180016519,30adc50c-5cbc-46ce-9a0e-91914789e23c,0x18004a000,unknown,0x180012de0,False,unknown
dnsrslvr.dll,0x18003f6c6,ba26f803-f095-40e9-b5e1-0afc44e18479,0x18004a2c0,0x11,0x18003f5b0,False,True
dnsrslvr.dll,0x180017331,45776b01-5956-4485-9f80-f428f7d60129,0x18004a060,0x29,0x180013000,True,True
dot3svc.dll,0x18000958e,1bddb2a6-c0c3-41be-8703-ddbdf4f0e80a,0x18003b200,0x29,0x180008b70,False,True
dpapisrv.dll,0x180025f48,3dde7c30-165d-11d1-ab8f-00805f14db40,0x180034480,0x9,0x180024600,False,True
dpapisrv.dll,0x18000df6e,11220835-5b26-4d94-ae86-c3e475a809de,0x180033080,0x21,0x18000d100,False,True
dpapisrv.dll,0x18000dfab,5cbe92cb-f4be-45c9-9fc9-33e73e557b20,0x180033020,unknown,0x18000d100,True,unknown
dpapisrv.dll,0x18000e0c7,7f1317a8-4dea-4fa2-a551-df5516ff8879,0x1800330e0,unknown,0x180031bd0,False,unknown
dsrolesrv.dll,0x18001e2fa,1cbcad78-df0b-4934-b558-87839ea501c9,0x180031b50,unknown,0x18001e230,False,unknown
dssvc.dll,0x1800152d5,bf4dc912-e52f-4904-8ebe-9317c1bdd497,0x18001a8a0,0x29,0,False,True
edgehtml.dll,0x180d50a13,unknown,unknown,0x29,0x180d50890,True,True
efslsaext.dll,0x180001ccf,c681d488-d850-11d0-8c52-00c04fd90f7e,0x180011880,0x1,0,False,True
embeddedmodesvc.dll,0x18000783d,f0c68743-5631-4289-8aad-37e5e64d843f,0x18001e820,0x29,0x0,False,True
FrameServer.dll,0x180008fc7,6ddfc7d1-7fca-44eb-a279-e9988f4db32b,0x1800e6be0,unknown,0x0,False,unknown
FrameServer.dll,0x180008ffd,6ddfc7d1-7fca-44eb-a279-e9988f4db32b,0x1800e6be0,unknown,0,False,unknown
FrameServerMonitor.dll,0x180008c01,be0d95ba-21a5-4a5f-a1f0-9ada84ac1144,0x180039820,0x9,0x0,False,True
FrameServerMonitor.dll,0x180008c36,be0d95ba-21a5-4a5f-a1f0-9ada84ac1144,0x180039820,0x9,0,False,True
FsIso.exe,0x140002afc,e0606e56-2380-422f-a66f-ae6b71b85832,0x1400105f0,0,,False,True
FwRemoteSvr.dll,0x1800094e9,6b5bdd1e-528c-422c-af8c-a4079be4fe48,0x180013180,0x9,0x180001290,False,True
httpprxm.dll,0x180004325,c36be077-e14b-4fe9-8abc-e856ef4f048b,0x1800130b0,0x9,0x180003470,False,True
httpprxm.dll,0x180004415,2e6035b2-e8f1-41a7-a044-656b439c4c34,0x180013110,0x9,0x18000db30,False,True
ias.dll,0x180002e98,7d814569-35b3-4850-bb32-83035fcebf6e,0x180006b60,unknown,0x180003010,False,unknown
iphlpsvc.dll,0x18000e367,552d076a-cb29-4e44-8b6a-d15e59e2c0af,0x180072100,unknown,unknown,False,unknown
iphlpsvc.dll,0x18000e5e5,unknown,r8,0x21,0,False,True
ipnathlp.dll,0x180033d05,e64b9aee-f372-4312-9a14-8f1502b5c8e3,0x1800825f0,0x29,0,False,True
iscsiexe.dll,0x18001425c,fd6bb951-c830-4734-bf2c-18ba6ec7ab49,0x18001fa90,0,0,False,True
ismserv.exe,0x1400017a0,68dcd486-669e-11d1-ab0c-00c04fc2dcd2,0x14000d000,0,,False,True
KdsSvc.dll,0x180001a21,b9785960-524f-11df-8b6d-83dcded72085,0x180007150,0x9,0x180001850,False,True
keyiso.dll,0x1800039f6,b25a52bf-e5dd-4f4a-aea6-8ca7272a0e86,0x18000f0c0,unknown,0,False,unknown
keyiso.dll,0x180003a3f,8fb74744-b2ff-4c00-be0d-9ef9a191fe1b,0x18000f060,unknown,0,False,unknown
keyiso.dll,0x180003a87,51a227ae-825b-41f2-b4a9-1ac9557a1018,0x18000f000,unknown,0,False,unknown
LogonController.dll,0x180022cd7,f3f09ffd-fbcf-4291-944d-70ad6e0e73bb,0x18009e120,unknown,0x1800256f0,False,unknown
LsaIso.exe,0x140004a18,39730ec4-82ea-4fdf-8a45-c408e393e212,0x140035050,0,,False,True
LsaIso.exe,0x140004ab9,unknown,0x140034d30,0,,False,True
LsaIso.exe,0x140004b19,eda3c9e4-0d4c-4bb7-b612-0e89d4f0607d,0x1400352b0,0,,False,True
LsaIso.exe,0x140007b6a,57cce375-4430-47a6-bb96-2cad0d2fd140,0x1400361c0,0,,False,True
LsaIso.exe,0x14000ceb3,9cfeead6-6135-4fcf-831a-fd3b236023f8,0x140037ac0,0,,False,True
LsaIso.exe,0x14002e149,45527ae0-2a7d-4cec-b214-739f4159c392,0x1400394f0,0,,False,True
LsaIso.exe,0x1400306ac,1707e621-44e3-4f54-bb7d-c537eabb55a5,0x14003a040,0,,False,True
lsasrv.dll,0x180054d66,ace1c026-8b3f-4711-8918-f345d17f5bff,0x180117100,0xa9,0x1800437f0,False,False
lsasrv.dll,0x180054da4,afc07e2e-311c-4435-808c-c483ffeec7c9,0x1801170a0,unknown,0x1800d4a60,False,unknown
lsasrv.dll,0x180054f32,d25576e4-00d2-43f7-98f9-b4c0724158f9,0x180117220,0x29,unknown,False,True
lsasrv.dll,0x180054fc7,c0d930f0-b787-4124-99bc-21f0ecb642ce,0x1801171c0,0x29,unknown,False,True
lsasrv.dll,0x18009c2ac,41baa680-50ce-4967-a8fa-0596343a7ccf,0x1801261d0,0x29,0,False,True
lsasrv.dll,0x180053448,3919286a-b10c-11d0-9ba8-00c04fd92ef5,0x180117040,0,,False,True
lsasrv.dll,0x180054d26,12345778-1234-abcd-ef00-0123456789ab,0x180117160,0x91,0x180033ff0,False,False
lsass.exe,0x140003842,fb8a0729-2d04-4658-be93-27b4ad553fac,0x140007000,unknown,0x140001430,False,unknown
lsm.dll,0x180030793,484809d6-4239-471b-b5bc-61df8c23ac48,0x18008f620,0x9,0x180008da0,True,True
lsm.dll,0x1800307d2,e3907f22-c899-44e7-9d11-9d8b3d924832,0x18008f5c0,0x9,0x180008c10,True,True
lsm.dll,0x18003080e,53825514-1183-4934-a0f4-cfdc51c3389b,0x18008f560,0x9,0x180008c10,False,True
lsm.dll,0x180030846,11899a43-2b68-4a76-92e3-a3d6ad8c26ce,0x18008f500,0x9,0x180008da0,True,True
lsm.dll,0x180030882,c2d15ccf-a416-46dc-ba58-4624ac7a9123,0x18008f4a0,0x9,0x180008c10,False,True
lsm.dll,0x1800308ba,88143fd0-c28d-4b2b-8fef-8d882f6a9390,0x18008f440,0x9,0x180008da0,True,True
lsm.dll,0x18003059b,11f25515-c879-400a-989e-b074d5f092fe,0x18008f3e0,0x9,0x180008c20,False,True
lsm.dll,0x1800305d5,1e665584-40fe-4450-8f6e-802362399694,0x18008f380,unknown,0x18002a390,False,unknown
lsm.dll,0x180050c0c,c938b419-5092-4385-8360-7cdc9625976a,0x180093e00,0x11,0x180026ec0,False,True
Microsoft.Bluetooth.Service.dll,0x18012d3e7,unknown,unknown,0x29,0x0,False,True
mispace.dll,0x18000b113,58b19028-b9a0-4c25-887f-aca58b584d1b,0x1802620c0,unknown,0,False,unknown
modernexecserver.dll,0x180021e86,unknown,r8,0x29,0x180017630,True,True
moshost.dll,0x18000a9c6,unknown,rdx,0x29,0x0,False,True
mpnotify.exe,0x140001ca6,3ca78105-a3a3-4a68-b458-1a606bab8fd6,0x140003310,unknown,0x140001560,False,unknown
mprdim.dll,0x180011196,8f09f000-b7ed-11ce-bbd2-00001a181cad,0x180056040,0x1,0,False,True
MPSSVC.dll,0x1800336e0,unknown,unknown,0xffffffffffffffe0,0x0,False,False
NcaSvc.dll,0x18001d156,54f96d15-d9a7-4422-bd32-8b0cebd00400,0x18001eb00,0x29,0x18001c160,False,True
ncbservice.dll,0x18000e848,880fd55e-43b9-11e0-b1a8-cf4edfd72085,0x180033240,unknown,unknown,False,unknown
NetEvtFwdr.exe,0x140002009,22e5386d-8b12-4bf0-b0ec-6a1ea419e366,0x140006390,0,0x1400024c0,False,True
netlogon.dll,0x180026981,12345678-1234-abcd-ef00-01234567cffb,0x18006c080,0x91,0x18002e2d0,False,False
netprofmsvc.dll,0x18007c774,4c8d0bef-d7f1-49f0-9102-caa05f58d114,0x1800c9520,0x29,0x18007c3d0,False,True
netprofmsvc.dll,0x18007dc7b,unknown,0x1800c95b0,0x29,0x18007da40,True,True
netprofmsvc.dll,0x1800c0360,unknown,rdx,0x11,0x1800c0540,True,True
nlasvc.dll,0x18001b697,unknown,rdx,0x9,0x1800166b0,False,True
nlasvc.dll,0x18001b75f,unknown,rdx,0x9,0x1800166b0,False,True
nsisvc.dll,0x18000263f,7ea70bcf-48af-4f6a-8968-6a440754d5fa,0x180005000,unknown,0x180002290,False,unknown
ntdsai.dll,0x1800013d1,unknown,unknown,0x8,0x180128300,False,True
ntdsai.dll,0x18017631c,unknown,0x180506260,0x20,0x180281860,False,True
ntfrs.exe,0x1400187fa,f5cc59b4-4264-101a-8c59-08002b2f8426,0x14009bf80,0x8,0x140018660,False,True
ntfrs.exe,0x140018872,d049b186-814f-11d1-9a3c-00c04fc9b232,0x14009c280,0,0x140018660,False,True
ntfrs.exe,0x140018907,a00c021c-2be2-11d2-b678-0000f87a8f8e,0x14009ca30,0x8,0x140018690,False,True
pcasvc.dll,0x18000d150,0767a036-0d22-48aa-ba69-b619480f38cb,0x180098030,unknown,unknown,False,unknown
PimIndexMaintenance.dll,0x180001ad7,43890c94-bfd7-4655-ad6a-b4a68397cdcb,0x180026e00,0x29,0,False,True
pla.dll,0x1800cd07c,647d4452-9f33-4a18-b2be-c5c0e920e94e,0x180141170,0x29,0x1800cdb00,False,True
PlaySndSrv.dll,0x180001c21,9d420415-b8fb-4f4a-8c53-4502ead30ca9,0x180006130,0x28,0x1800027c0,False,True
profsvc.dll,0x18001c68d,326731e3-c1c0-4a69-ae20-7d9044a4ea5c,0x180050070,0x21,0x180007f40,False,True
PsmServiceExtHost.dll,0x18004c732,dd59071b-3215-4c59-8481-972edadc0f6a,0x1800a5050,0x29,0x0,False,True
PsmServiceExtHost.dll,0x18004cfe0,unknown,0,unknown,unknown,False,unknown
psmsrv.dll,0x180013e4e,unknown,unknown,0,unknown,False,True
rascustom.dll,0x180055639,unknown,0,0,0,True,True
rasmans.dll,0x18000a926,20610036-fa22-11cf-9823-00a0c911e5df,0x1800df110,0x9,0x18000a670,False,True
rdpclip.exe,0x14001901b,de79fc6c-dc6f-43c7-a48e-63bbc8d4009d,0x140073740,0,0x140018b10,False,True
rdpclip.exe,0x1400421bc,unknown,rdx,0x28,0x140042310,False,True
rdpinit.exe,0x14003401c,unknown,rdx,0x28,0x140034170,False,True
rdpshell.exe,0x14002d7c9,04557228-209a-46b4-aaa4-4eb4c84db7a2,0x14005e190,0x28,0x14002da30,False,True
ResourcePolicyServer.dll,0x18001541a,unknown,r8,0x29,0,False,True
RpcEpMap.dll,0x180005645,1d55b526-c137-46c5-ab79-638f2a68e869,0x18000c0f0,0,0x180009a30,False,True
RpcEpMap.dll,0x18000971d,e1af8308-5d1f-11c9-91a4-08002b14a0fa,0x18000c030,0,unknown,False,True
RpcEpMap.dll,0x1800055c6,e1af8308-5d1f-11c9-91a4-08002b14a0fa,0x18000c030,unknown,0x180004d10,True,unknown
RpcEpMap.dll,0x180005606,0b0a6584-9e0f-11cf-a3cf-00805f68cb1b,0x18000c090,0,0x180004c40,True,True
rpcss.dll,0x18005e705,412f241e-c12a-11ce-abff-0020af6e7a17,0x180108900,unknown,0x180036250,True,unknown
rpcss.dll,0x18005e749,00000136-0000-0000-c000-000000000046,0x1801088a0,0x60,0x180036250,True,False
rpcss.dll,0x18005e789,c6f3ee72-ce7e-11d1-b71e-00c04fc3111a,0x180108840,0x20,0x180036250,True,True
rpcss.dll,0x18005e945,unknown,0x180108960,unknown,0x18004a960,False,unknown
rpcss.dll,0x18005f449,b9e79e60-3d52-11ce-aaa1-00006901293f,0x1801089c0,0x20,0x180036250,True,True
rpcss.dll,0x1800615bf,e60c73e6-88f9-11cf-9af1-0020af6e72f4,0x180108b40,0x20,0x180036250,True,True
rpcss.dll,0x1800a49f0,4943e10d-2d9c-4f31-a31b-212c9f1dca8b,0x18010d1c0,unknown,0xf,False,unknown
rpcss.dll,0x18005e7c0,unknown,0x1801087e0,0x50,0x1800df230,False,False
rpcss.dll,0x18005e7fd,unknown,0x180108780,0x50,0x1800df230,False,False
rpcss.dll,0x180061603,unknown,0x180108ae0,0x10,0x1800deae0,False,True
rpcss.dll,0x1800a4ad1,unknown,0x18010d270,0x10,0x1800de860,False,True
SCardSvr.dll,0x18001c39f,c6b5235a-e413-481d-9ac8-31681b1faaf5,0x18002c5b0,unknown,0x18001c650,False,unknown
SCardSvr.dll,0x18001c3e7,8833d1d0-965f-4216-b3e9-fbe58cad3100,0x18002bfc0,unknown,0x18001bf80,False,unknown
scesrv.dll,0x1800012ad,93149ca2-973b-11d1-8c39-00c04fb984f9,0x18005e000,0x21,0,False,True
schedsvc.dll,0x18002a449,86d35949-83c9-4044-b424-db363231fd0c,0x18006f090,0x9,0x180022980,False,True
schedsvc.dll,0x18002a48b,3a9ef155-691d-4449-8d05-09ad57031823,0x18006f030,unknown,0x180022980,False,unknown
schedsvc.dll,0x18002df77,0a74ef1c-41a4-4e06-83ae-dc74fb1cdd53,0x180070830,unknown,0x180021750,False,unknown
SDClient.dll,0x18000842f,c6e42dd1-ba79-4326-8a56-306f10e860a9,0x18002d2c0,0,,False,True
seclogon.dll,0x180002a56,12b81e99-f207-4a4c-85d3-77b42f76fd14,0x180005000,0x9,0x180002cc0,False,True
Sens.dll,0x180003e62,unknown,0x18000d030,unknown,0x180004a50,False,unknown
Sens.dll,0x180003e31,63fbe424-2029-11d1-8db8-00aa004abd5e,0x18000d090,0,0x180004a50,True,True
SensorService.dll,0x18001fa7d,unknown,unknown,0x21,0x0,False,True
SensorService.dll,0x1800295c4,unknown,unknown,0x21,0x0,False,True
services.exe,0x14003025f,a2c45f7c-7d32-46ad-96f5-adafb486be74,0x1400874b0,unknown,0x140002840,False,unknown
services.exe,0x140030225,367abb81-9844-35f1-ad32-98f038001003,0x140087510,0x11,0x140015820,False,True
services.exe,0x140076232,unknown,rdx,0,,False,True
SessEnv.dll,0x1800061cc,b12fd546-c875-4b41-97d8-950487662202,0x180062460,0x9,0x18003e020,False,True
SessEnv.dll,0x180006234,1257b580-ce2f-4109-82d6-a9459d0bf6bc,0x180062400,0x9,0x18003e020,False,True
SessEnv.dll,0x1800065f2,29770a8f-829b-4158-90a2-78cd488501f7,0x1800624c0,0x9,0x180041430,False,True
SgrmBroker.exe,0x14000e684,7a20fcec-dec4-4c59-be57-212e8f65d3de,0x140045240,0x29,0x14000e3a0,False,True
SgrmLpac.exe,0x140003f4e,a13a9961-953f-4157-8a29-e65e29be510d,0x1400093a0,0x29,0x0,False,True
spoolsv.exe,0x140049dfb,unknown,unknown,rdx,unknown,False,unknown
spoolsv.exe,0x1400536eb,unknown,unknown,rdx,unknown,False,unknown
spoolsv.exe,0x1400541db,unknown,unknown,rdx,unknown,False,unknown
spoolsv.exe,0x140049e23,unknown,0x14009e2d0,0,,False,True
spoolsv.exe,0x140053713,unknown,0x14009e2d0,0,,False,True
spoolsv.exe,0x140054203,unknown,0x14009e2d0,0,,False,True
srumsvc.dll,0x180021426,a9c4def0-3766-4e3a-be4c-07901be99dd2,0x180023750,0x11,unknown,False,True
srvsvc.dll,0x180013a4e,1a0d010f-1c33-432c-b0f5-8cf4e8053099,0x18003db00,0xa1,0x1800136c0,False,False
srvsvc.dll,0x180027fb3,4b324fc8-1670-01d3-1278-5a47bf6ee188,0x180036030,0x11,0x180001480,False,True
srvsvc.dll,0x18002e678,98716d03-89ac-44c7-bb8c-285824e51c4a,0x18003e0f0,0xb1,0x18002e220,False,False
ssdpsrv.dll,0x180019b51,4b112204-0e19-11d3-b42b-0000f81feb9f,0x180036e60,unknown,0x18000a540,False,unknown
sspisrv.dll,0x180002bee,4f32adc8-6052-4a04-8701-293ccf2096f0,0x1800052f0,0x21,0x0,False,True
sstpsvc.dll,0x180017357,78e5d322-59a2-4324-ae3f-8bc8de32bdfc,0x1800180b0,0x29,0x1800172c0,False,True
StorSvc.dll,0x18003e453,d8140e00-5c46-4ae6-80ac-2f9a76df224c,0x1800b23e0,unknown,0,True,unknown
StorSvc.dll,0x18003e490,d249bd56-4cc0-4fd3-8ce6-6fe050d590cb,0x1800b3d80,unknown,0,True,unknown
sysmain.dll,0x1800ae9e4,b58aa02e-2884-4e97-8176-4ee06d794184,0x1800c92a0,unknown,0x1800596c0,False,unknown
sysntfy.dll,0x18000236a,c9ac6db5-82b7-4e55-ae8a-e464ed7b4277,0x180004360,0x29,0x180001e70,False,True
SystemEventsBrokerServer.dll,0x180022e54,1377d115-98fd-4034-b574-111156ca239c,0x180027a00,0x21,0x18000e610,False,True
SystemEventsBrokerServer.dll,0x180023c39,unknown,rdx,0x21,unknown,False,True
tapisrv.dll,0x18002688b,2f5f6520-ca46-1067-b319-00dd010662da,0x18003dea0,0x29,0,False,True
taskcomp.dll,0x180017ff3,1ff70682-0a51-30e8-076d-740be8cee98b,0x180053390,0x1,unknown,False,True
taskcomp.dll,0x180018027,378e52b0-c0a9-11cf-822d-00aa0051e40f,0x1800536a0,unknown,unknown,False,unknown
tellib.dll,0x180232a17,unknown,r8,0x29,0x0,False,True
termsrv.dll,0x18005cf75,1f260487-ba29-4f13-928a-bbd29761b083,0x1800d1fc0,0x9,0x180018ee0,False,True
termsrv.dll,0x18005cfb6,ecd85155-cc3a-4f10-aad5-9a9a2bf2ef0c,0x1800d1f60,0x9,0x18005d400,False,True
termsrv.dll,0x180060533,bde95fdf-eee0-45de-9e12-e5a61cd0d4fe,0x1800d20e0,0x9,0x180006ef0,False,True
termsrv.dll,0x18006056a,497d95a6-2d27-4bf5-9bbd-a6046957133c,0x1800d2080,0x9,0x180006ef0,False,True
termsrv.dll,0x1800605a8,5267aaba-4f49-4653-8e26-d1e11f3f2ad9,0x1800d2140,0x9,0x18001acf0,False,True
termsrv.dll,0x18006501c,5ca4a760-ebb1-11cf-8611-00a0245420ed,0x1800d7c90,0x11,0x1800653e0,False,True
termsrv.dll,0x18009de72,2f59a331-bf7d-48cb-9e5c-7c090d76e8b8,0x1800da770,0x8,0x18009e9b0,False,True
termsrv.dll,0x1800605ee,28098650-fe3c-4af4-8a41-8bcd284941c5,0x1800d2020,0x9,0x18001acf0,False,True
TimeBrokerServer.dll,0x18001b8c5,unknown,rdx,0x21,unknown,False,True
TransformationRulesParser.exe,0x14000170d,b9f9a38a-1d88-49a1-b250-8bd8a5e98292,0x1400042a0,0x29,0x140001530,False,True
trkwks.dll,0x18001076b,300f3532-38cc-11d0-a3f0-0020af6b0add,0x180014b50,r8,0,False,unknown
tsgqec.dll,0x180002b5c,05ebb278-e114-4ec1-a5a3-096153f300e4,0x18000ce30,0x29,0x180002ff0,False,True
tssdjet.dll,0x180003a8a,9b3195fe-d603-43d1-a0d5-9072d7cde122,0x180015e80,0,0x180003250,False,True
tssdjet.dll,0x180003afc,89759fce-5a25-4086-8967-de12f39a60b5,0x180015b40,0x8,0x180003860,False,True
ttdrecord.dll,0x1800180f9,ae987d31-12d4-450d-90ce-0d6e7cb483be,0x18006b920,0,,False,True
ubpm.dll,0x1800358dd,2a82bb21-e44f-4791-9aa1-dfae788e2f43,0x18003a380,0x21,0x180014420,False,True
uireng.dll,0x180033cf3,b50f395f-b08b-495a-b2d3-b8201e1f2388,0x18003f820,unknown,unknown,False,unknown
umpo.dll,0x18001349b,6c9b7b96-45a8-4cca-9eb3-e21ccf8b5a89,0x180018050,0x11,0x0,False,True
umpoext.dll,0x18001981e,d9645e86-6f62-4cc6-91f2-a696afa77fb2,0x18001f630,unknown,unknown,False,unknown
umrdp.dll,0x18000afb1,c80066a8-7579-44fc-b9b2-8466930791b0,0x180044710,0x29,0x18000b810,False,True
umrdp.dll,0x180028287,7212a04b-b463-402e-9649-2ba477394676,0x180044930,0x29,0x180028490,False,True
Unistore.dll,0x18003f330,unknown,0x1800beab0,0x21,0x18003f6b0,False,True
UserDataService.dll,0x18005d920,unknown,unknown,0x29,0x0,False,True
usermgr.dll,0x180025f10,b18fbab6-56f8-4702-84e0-41053293a869,0x1800e6ec0,0x29,0x0,False,True
usermgr.dll,0x180025f7b,0d3c7f20-1c8d-4654-a1b3-51563b298bda,0x1800e6e60,0x29,0x0,False,True
usermgr.dll,0x180055971,b18fbab6-56f8-4702-84e0-41053293a869,0x1800e6ec0,unknown,0x0,False,unknown
usermgr.dll,0x180055a50,unknown,unknown,0x29,0x0,False,True
vaultsvc.dll,0x180002126,bb8b98e8-84dd-45e7-9f34-c3fb6155eeed,0x180046000,0x69,0x18000f1f0,False,False
vmrdvcore.dll,0x18004c46b,f763c91c-2ab1-47fa-868f-7de7efd42194,0x180052bb0,0x29,0x18004c5b0,False,True
vpnike.dll,0x1800697db,81ee95a8-882e-4615-888a-53344ca149e4,0x1800843a0,0x29,0x180069640,False,True
w32time.dll,0x18003c39a,8fb6d884-2388-11d0-8c35-00c04fda2795,0x18004cdb0,0x89,0x18003bc30,False,False
WaaSMedicAgent.exe,0x1400087e4,b35534c5-a66e-473f-afa3-a4b21c02ea27,0x14000f400,0,0x140008b00,False,True
wcmsvc.dll,0x180067001,unknown,0,unknown,unknown,False,unknown
webplatstorageserver.dll,0x180018ee8,0820a0d0-1aae-49f9-acf9-3e3d3fe303cb,0x1800e1120,0x29,0x18002ad80,False,True
webplatstorageserver.dll,0x180018f4e,b754ffa1-7b7b-4fb1-9d0c-f12bbda17593,0x1800e1180,0x29,0x18002ad80,False,True
webplatstorageserver.dll,0x180018fb4,ade78933-5718-4476-9ce3-6be8cc4d1cc8,0x1800e11e0,0x29,0x18002ad80,False,True
webplatstorageserver.dll,0x18001901a,46f91c6b-1f95-4bff-8490-eb648ca0a9b9,0x1800e1240,0x29,0x18002ad80,False,True
webplatstorageserver.dll,0x180019080,1be3206b-2e03-4ea1-9321-12f4dfcd41d0,0x1800e12a0,0x29,0x18002ad80,False,True
webplatstorageserver.dll,0x1800190e6,c59c3bf4-7812-43e9-bc34-d369f1cf8416,0x1800e1300,0x29,0x18002ad80,False,True
wecsvc.dll,0x180001ffe,69510fa1-2f99-4eeb-a4ff-af259f0f9749,0x180023130,unknown,0x180001ef0,False,unknown
wephostsvc.dll,0x1800017c7,56244243-3ed3-4013-b3e7-0fc809e35fba,0x180005410,0x29,0x180001630,False,True
wevtsvc.dll,0x18007d38b,82273fdc-e32a-18c3-3f78-827929dc23ea,0x1800ea400,0x11,0x1800366b0,False,True
wevtsvc.dll,0x18007d460,f6beaff7-1e19-4fbb-9f8f-b89e2018337c,0x1800e8500,0x9,0x180036670,False,True
wiaservc.dll,0x18001349d,8c7a6de0-788d-11d0-9edf-444553540000,0x18006e710,unknown,0x180015e30,False,unknown
wimserv.exe,0x140002579,6d9fe472-30f1-4708-8fa8-678362b96155,0x14006f9f0,0,,False,True
Windows.Internal.Devices.Bluetooth.dll,0x180058e23,unknown,rdx,0x10,unknown,False,True
Windows.Internal.Graphics.Display.DisplayColorManagement.dll,0x1800180eb,509bc7ae-77be-4ee8-b07c-0d096bb44345,0x1800311d0,0x29,0x0,False,True
Windows.StateRepository.dll,0x1800c3b8e,78dcce84-7f13-4139-b8cd-ef222aa0408b,0x1803b9d50,0x21,0x0,False,True
winhttp.dll,0x17610428a,3473dd4d-2e88-4006-9cba-22570909dd10,0x176153f90,0x29,0,True,True
winhttp.dll,0x17613993b,unknown,rcx,0x29,0x0,True,True
wininit.exe,0x14003ca8e,894de0c0-0d55-11d3-a322-00c04fa321a1,0x140062040,0x90,0x14003e250,False,False
wininit.exe,0x140048a57,76f226c3-ec14-4325-8a99-6a46348418ae,0x140062990,0x28,0x140005040,False,True
wininit.exe,0x140048b9f,76f226c3-ec14-4325-8a99-6a46348418af,0x1400629f0,0x28,unknown,False,True
wininit.exe,0x14003f35f,d95afe70-a6d5-4259-822e-2c84da1ddb0d,0x140062390,0x8,0x1400036b0,False,True
wininit.exe,0x14003f463,ba67a024-b9e7-4fba-9e59-37c2424d6786,0x140062480,0x11,0x14003b4b0,True,True
winlogon.exe,0x14000fad0,12e65dd8-887f-41ef-91bf-8d816c42c2e7,0x14009e050,unknown,0x140093a00,False,unknown
winlogon.exe,0x14000ff8f,76f226c3-ec14-4325-8a99-6a46348418ae,0x14009e110,unknown,0x140036ab0,False,unknown
winlogon.exe,0x14001012f,unknown,0x14009e0b0,0x28,unknown,False,True
witnesswmiv2provider.dll,0x1800025c4,a2484e1a-a313-4ea2-8fe9-8a873ea275ba,0x1800067e0,0x1,0x180002200,False,True
wkssvc.dll,0x1800081b9,7f1343fe-50a9-4927-a778-0c5859517bac,0x180032dd0,0x31,0x180007cc0,False,True
wkssvc.dll,0x180020855,6bffd098-a112-3610-9833-46c3f87e345a,0x1800302a0,unknown,0x180002070,False,unknown
wkssvc.dll,0x18002412e,eb081a0d-10ee-478a-a1dd-50995283e7a8,0x180032ea0,0xb1,0x1800242a0,False,False
wkssvc.dll,0x1800280fc,f2c9b409-c1c9-4100-8639-d8ab1486694a,0x1800331a0,0xb1,0x1800282a0,False,False
ws2_32.dll,0x1800358d4,unknown,0x1800490e0,0x28,0x1800372a0,False,True
